company_name,career_url
Amazon,https://www.amazon.jobs/en/locations/dublin-ireland
EY Ireland,https://www.ey.com/en_ie/careers
Google,https://www.google.com/about/careers/applications/jobs/results/?location=Ireland
MongoDB,https://www.mongodb.com/careers/jobs?location=Dublin%2C%20Ireland
Stripe,https://stripe.com/jobs
Primark / Penneys,https://careers.primark.com/location/ireland-jobs/1630/2963597/2
Microsoft,https://jobs.careers.microsoft.com/global/en/search?lc=Ireland
PwC Ireland,https://pwc.wd3.myworkdayjobs.com/Global_Experienced_Careers
Citi,https://jobs.citi.com/search-jobs/Ireland
Intercom,https://www.intercom.com/careers
Mastercard,https://mastercard.wd1.myworkdayjobs.com/CorporateCareers
KPMG Ireland,https://kpmg.com/ie/en/home/careers.html
State Street,https://statestreet.wd1.myworkdayjobs.com/Global
Salesforce,https://salesforce.wd12.myworkdayjobs.com/External_Career_Site
HubSpot,https://www.hubspot.com/careers/jobs?location=dublin
Accenture,https://accenture.wd103.myworkdayjobs.com/AccentureCareers
Cognizant,https://careers.cognizant.com/global/en
Analog Devices,https://analogdevices.wd1.myworkdayjobs.com/External
Datadog,https://www.datadoghq.com/careers/
Mercer,https://mmc.wd1.myworkdayjobs.com/MMC
Marsh McLennan,https://mmc.wd1.myworkdayjobs.com/MMC
AbbVie,https://careers.abbvie.com/en/jobs?q=&options=&page=1&ln=Ireland&lr=100&li=IE
Toast,https://pos.toasttab.com/careers
Deloitte Ireland,https://deloitteie.wd3.myworkdayjobs.com/experienced_professionals
Workday,https://workday.wd5.myworkdayjobs.com/Workday
Apple,https://jobs.apple.com/en-ie/search?location=ireland-IRL
Johnson Controls,https://jobs.johnsoncontrols.com/
NTT DATA,https://careers-inc.nttdata.com
Notion,https://www.notion.so/careers
Sanofi,https://sanofi.wd3.myworkdayjobs.com/SanofiCareers
Boston Scientific,https://jobs.bostonscientific.com/search/?q=&locationsearch=Ireland
Bloomberg,https://www.bloomberg.com/careers/
Aiven,https://aiven.io/careers/job
ESB,https://careers.esb.ie/go/All-Jobs/882102/
Arista Networks,https://www.arista.com/en/careers
Johnson & Johnson,https://jobs.jnj.com/en/jobs/?search=Ireland
Huawei,https://huaweiireland.teamtailor.com/jobs
Gilead Sciences,https://gilead.wd1.myworkdayjobs.com/gileadcareers
TikTok,https://careers.tiktok.com/position?keyword=&location=Dublin%2C+Ireland
Pinterest,https://www.pinterestcareers.com/en/jobs/?location=Dublin
Eurofins Scientific,https://careers.eurofins.com/ie/
Meta,https://www.metacareers.com/jobs?locations[0]=Dublin%2C%20Ireland
Autodesk,https://autodesk.wd1.myworkdayjobs.com/Ext
Cadence Design Systems,https://cadence.wd1.myworkdayjobs.com/External_Careers
Okta,https://www.okta.com/careers/
Arup,https://www.arup.com/careers
Twilio,https://www.twilio.com/en-us/company/jobs
AIB (Allied Irish Banks),https://jobs.aib.ie/
JPMorgan Chase,https://jpmc.fa.oraclecloud.com/hcmUI/CandidateExperience/en/sites/CX_1001/requisitions?location=Ireland
Harvey Nash Ireland,https://www.harveynash.ie/
BioMarin,https://www.biomarin.com/careers/jobs/
Snowflake,https://careers.snowflake.com/us/en/search-results?m=3&location=Ireland
Grant Thornton Ireland,https://www.grantthornton.ie/careers/
Asana,https://asana.com/careers
ClickUp,https://clickup.com/careers
Genesys,https://genesys.wd1.myworkdayjobs.com/Genesys
ServiceNow,https://careers.servicenow.com/jobs?location=Dublin%2C%20Ireland
Bank of Ireland,https://www.bankofireland.com/about-bank-of-ireland/careers/
GE HealthCare,https://careers.gehealthcare.com
Allianz,https://careers.allianz.com/ie/en/allianz-ireland
Irish Life,https://www.irishlife.ie/about-us/careers
Wayflyer,https://wayflyer.com/careers
PepsiCo,https://www.pepsicojobs.com/main
AMCS Group,https://www.amcsgroup.com/careers/
MSD (Merck Sharp & Dohme),https://msd.wd5.myworkdayjobs.com/SearchJobs
PTSB (Permanent TSB),https://www.ptsb.ie/about-us/careers/
HSBC Ireland,https://www.about.hsbc.ie/careers
Diageo Ireland,https://diageo.wd3.myworkdayjobs.com/Diageo_Careers
EXL,https://fa-ewjt-saasfaprod1.fa.ocs.oraclecloud.com/hcmUI/CandidateExperience/en/sites/CX_2/requisitions?location=Ireland&locationId=300000000467194
ING,https://careers.ing.com/en/location/dublin-jobs/2618/2963597-7521314-2964574/4
Adobe,https://adobe.wd5.myworkdayjobs.com/external_experienced
Rubrik,https://www.rubrik.com/company/careers
Elavon,https://usbank.wd1.myworkdayjobs.com/Elavon_Careers
Barclays,https://barclays.wd3.myworkdayjobs.com/External_Career_Site_Barclays
BlackRock,https://careers.blackrock.com/search-jobs?location=Dublin%2C%20Ireland
Qualtrics,https://www.qualtrics.com/careers/us/en/search-results?keywords=Dublin
PayPal,https://paypal.wd1.myworkdayjobs.com/jobs
Ericsson,https://jobs.ericsson.com/search/?q=&locationsearch=Ireland
Figma,https://www.figma.com/careers/
Dropbox,https://www.dropbox.com/jobs/all-jobs
Zscaler,https://www.zscaler.com/careers
Pure Storage,https://www.purestorage.com/company/careers.html
Pfizer,https://pfizer.wd1.myworkdayjobs.com/PfizerCareers?locationCountry=0878e1d528b846e38b3940173bc5b43a
Labcorp,https://careers.labcorp.com/global/en
Avolon,https://www.avolon.aero/careers
Dillon Eustace,https://www.dilloneustace.com/careers
Kerry Group,https://jobs.kerry.com/search/?q=&locationsearch=Ireland
Auxilion,https://www.auxilion.com/auxilion-careers
Aldi Ireland,https://www.aldirecruitment.ie/
Aviva Ireland,https://www.aviva.ie/about/careers/
BDO Ireland,https://www.bdo.ie/en-gb/careers
Baker Tilly Ireland,https://www.bakertilly.ie/careers/
Cantor Fitzgerald Ireland,https://cantorfitzgerald.ie/about-us/careers/
Capgemini,https://www.capgemini.com/careers/
Davy,https://www.davy.ie/working-at-davy/opportunities
Fitch Ratings,https://www.fitchratings.com/careers
Forvis Mazars Ireland,https://www.mazars.ie/Home/Join-us/Our-job-offers
Glanbia / Tirlán,https://www.tirlan.com/careers
Goodbody,https://www.goodbody.ie/careers
IBM,https://www.ibm.com/careers/search?field_keyword_05[0]=Ireland
Laya Healthcare,https://www.layahealthcare.ie/aboutus/careers/
Musgrave Group (SuperValu / Centra),https://www.musgravegroup.com/careers/
SAP,https://jobs.sap.com/search/?q=&locationsearch=Ireland
Slalom,https://www.slalom.com/en/careers
UBS,https://www.ubs.com/ie/en/careers.html
Version 1,https://www.version1.com/careers/
Wipro,https://careers.wipro.com/
Zurich Insurance,https://www.zurich.ie/about-us/careers/
ABP Food Group,https://abpfoodgroup.com/careers/
Abbott,https://www.jobs.abbott/us/en/search-results?m=3&location=Ireland
Alexion Pharmaceuticals,https://careers.astrazeneca.com/location/ireland-jobs/7684/2963597/2
Amgen,https://careers.amgen.com/search-jobs/Ireland
AstraZeneca,https://careers.astrazeneca.com/search-jobs/Ireland
Baxter International,https://jobs.baxter.com/search-jobs/Ireland
Bristol Myers Squibb,https://careers.bms.com/us/en/search-results?m=3&location=Ireland
Bus Éireann,https://careers.buseireann.ie/
C&C Group,https://www.candcgroupplc.com/careers/
Coillte,https://www.coillte.ie/about-us/careers/
Cook Medical,https://www.cookmedical.eu/careers/
ESB (Electricity Supply Board),https://www.esb.ie/careers
Eir,https://www.eir.ie/careers/
Gas Networks Ireland,https://www.gasnetworks.ie/about-us/careers/
HSE (Health Service Executive),https://about.hse.ie/jobs/job-search/
Hewlett Packard Enterprise (HPE),https://careers.hpe.com/us/en/search-results?m=3&location=Ireland
ICON plc,https://careers.iconplc.com/search-jobs/Ireland
IQVIA,https://jobs.iqvia.com/search-jobs/Ireland
Irish Rail (Iarnród Éireann),https://www.irishrail.ie/en-ie/about-us/careers
Kepak Group,https://www.kepak.com/careers/
LinkedIn,https://careers.linkedin.com/Locations/Dublin
Merit Medical,https://www.merit.com/careers/
QIAGEN,https://qiagen.wd502.myworkdayjobs.com/QIAGEN
Revvity (PerkinElmer),https://jobs.revvity.com/
Ryanair,https://careers.ryanair.com/
Sky Ireland,https://careers.sky.com/job-search/?location=Ireland
Smith & Nephew,https://www.smith-nephew.com/en-gb/careers
Virgin Media Ireland,https://www.virginmedia.ie/careers/
daa (Dublin Airport Authority),https://www.daa.ie/careers/
Aon,https://aon.wd1.myworkdayjobs.com/AonCareers
DXC Technology,https://dxc.wd1.myworkdayjobs.com/DXC_Jobs
Northern Trust,https://northerntrust.wd1.myworkdayjobs.com/External_Careers
Willis Towers Watson (WTW),https://wtw.wd1.myworkdayjobs.com/WTWCareers
Bausch + Lomb,https://bauschhealth.wd1.myworkdayjobs.com/BauschHealthCareers
Becton Dickinson (BD),https://bd.wd1.myworkdayjobs.com/BD_External
Broadcom,https://broadcom.wd1.myworkdayjobs.com/External_Career
Edwards Lifesciences,https://edwards.wd1.myworkdayjobs.com/EdwardsCareers
Illumina,https://illumina.wd1.myworkdayjobs.com/illumina-careers
Jazz Pharmaceuticals,https://jazzpharma.wd5.myworkdayjobs.com/Jazz_Careers
NXP Semiconductors,https://nxp.wd3.myworkdayjobs.com/careers
Qualcomm,https://qualcomm.wd12.myworkdayjobs.com/External
Takeda,https://takeda.wd3.myworkdayjobs.com/External
Teleflex,https://teleflex.wd1.myworkdayjobs.com/TeleflexCareers
Teva Pharmaceuticals,https://teva.wd1.myworkdayjobs.com/Teva_Careers
VMware (Broadcom),https://broadcom.wd1.myworkdayjobs.com/External_Career
Viatris,https://viatris.wd5.myworkdayjobs.com/external
Rockwell Automation,https://rockwellautomation.wd1.myworkdayjobs.com/External_Rockwell_Automation
Oracle,https://eeho.fa.us2.oraclecloud.com/hcmUI/CandidateExperience/en/sites/CX_1/requisitions?location=Ireland
AXA Ireland,https://www.axa.ie/careers/
Alvarez & Marsal,https://www.alvarezandmarsal.com/careers
BNP Paribas Ireland,https://group.bnpparibas/en/careers
BNY Mellon,https://m.bnymellon.com/en/careers/jobs.html?location=Ireland
Bain & Company,https://www.bain.com/careers/
Boston Consulting Group (BCG),https://careers.bcg.com/locations/ireland
Central Bank of Ireland,https://www.candidatemanager.net/cm/p/pJobs.aspx?a=1bqO7eBaJhQ%3D&mid=YUYF&sid=BDCXCX
Coca-Cola HBC Ireland,https://ie.coca-colahellenic.com/en/careers
Deutsche Bank,https://careers.db.com/professionals/search-roles/
Dynatrace,https://careers.dynatrace.com/locations/dublin/
FBD Insurance,https://www.fbd.ie/about/careers/
FTI Consulting,https://www.fticonsulting.com/careers
FactSet,https://www.factset.com/careers
Fidelity Investments,https://jobs.fidelity.com/location/ireland-jobs/2324/2963597/2
Goldman Sachs,https://www.goldmansachs.com/careers/
HCLTech,https://careers.hcltech.com/search/?q=&locationsearch=Ireland
Heineken Ireland,https://www.heinekenireland.ie/careers/
Infosys,https://www.infosys.com/careers.html
MSCI,https://www.msci.com/careers
Macquarie Group,https://www.macquarie.com/au/en/careers.html
McKinsey & Company,https://www.mckinsey.com/careers/search-jobs?locations=Dublin
Moody's,https://careers.moodys.com/
Morgan Stanley,https://morganstanley.tal.net/vx/lang-en-GB/mobile-0/brand-2/user-home
Morningstar,https://www.morningstar.com/careers
Refinitiv (LSEG),https://www.lseg.com/en/careers
S&P Global,https://www.spglobal.com/en/careers/overview
Societe Generale,https://careers.societegenerale.com/
Splunk,https://www.splunk.com/en_us/careers.html
SuperValu / Musgrave,https://www.musgrave.ie/careers/vacancies/
Susquehanna International Group (SIG),https://sig.com/careers/jobs/?location=dublin
Tata Consultancy Services (TCS),https://www.tcs.com/careers
Tesco Ireland,https://www.tesco-careers.com/search-jobs/?location=Ireland
VHI Healthcare,https://www.vhi.ie/about-us/careers
ASML,https://www.asml.com/en/careers
Aer Lingus,https://www.aerlingus.com/about-us/careers/
AerCap,https://www.aercap.com/careers/
Agilent Technologies,https://careers.agilent.com/
Akamai,https://www.akamai.com/careers
Alkermes,https://www.alkermes.com/careers
An Post,https://www.anpost.com/About/Careers
Atlassian,https://www.atlassian.com/company/careers/jobs?location=Dublin
Biotronik,https://www.biotronik.com/en-us/careers
Boehringer Ingelheim,https://www.boehringer-ingelheim.com/ie/careers
Bord Gáis Energy,https://www.bordgaisenergy.ie/about-us/careers
Box,https://www.box.com/careers
Bruker,https://www.bruker.com/en/landingpages/careers.html
Coloplast,https://www.coloplast.com/about-us/careers/
DSV Ireland,https://www.dsv.com/en/careers
DePuy Synthes,https://jobs.jnj.com/en/jobs/?search=Ireland
Dell Technologies,https://jobs.dell.com/location/ireland-jobs/375/2963597/2
Dexcom,https://www.dexcom.com/en-IE/careers
DocuSign,https://www.docusign.com/company/careers/jobs?location=Dublin
EirGrid Group,https://www.eirgridgroup.com/about/careers/
Energia Group,https://www.energiagroup.com/careers
GlaxoSmithKline (GSK),https://jobs.gsk.com/search-jobs/Ireland
Guidewire,https://www.guidewire.com/about/careers/jobs
HP (Hewlett-Packard),https://jobs.hp.com/search-jobs/Ireland
Haleon,https://careers.haleon.com/careers/*/ireland_ireland?domain=haleon.com
Hollister Incorporated,https://www.hollister.com/en/careers
Insulet Corporation,https://www.insulet.com/careers
Intel,https://jobs.intel.com/en/search-jobs/Ireland
Irish Distillers (Pernod Ricard),https://www.irishdistillers.ie/careers/
Marvell Technology,https://www.marvell.com/company/careers.html
Medpace,https://www.medpace.com/careers/
Medtronic,https://medtronic.wd1.myworkdayjobs.com/MedtronicCareers
Micron Technology,https://www.micron.com/careers
Nokia,https://www.nokia.com/careers/
Novartis,https://www.novartis.com/careers/career-search?country%5B0%5D=IE
Ornua,https://www.ornua.com/careers/
Palo Alto Networks,https://jobs.paloaltonetworks.com/en/jobs/
Red Hat,https://www.redhat.com/en/jobs/locations
Regeneron,https://careers.regeneron.com/en/jobs/?location=Ireland
SMBC Aviation Capital,https://www.smbc.com/careers
SSE Airtricity / SSE,https://careers.sse.com/search-jobs/Ireland
Shannon Airport Group,https://www.shannonairport.ie/about-us/careers/
Siemens,https://jobs.siemens.com/en_US/externaljobs/SearchJobs/
Slack,https://slack.com/careers
Smurfit Westrock,https://www.smurfitwestrock.com/careers
Stryker,https://careers.stryker.com/en-US/search?keywords=&location=Ireland
Syneos Health,https://www.syneoshealth.com/careers
Texas Instruments,https://careers.ti.com/
Three Ireland,https://www.three.ie/about/careers.html
Uisce Éireann (Irish Water),https://www.water.ie/about/careers/
Vodafone Ireland,https://jobs.vodafone.com/search-jobs/Ireland
Waters Corporation,https://www.waters.com/nextgen/ie/en/about-waters/careers.html
WuXi Biologics,https://www.wuxibiologics.com/careers/
ABB,https://careers.abb/global/en
Honeywell,https://ibqbjb.fa.ocs.oraclecloud.com/hcmUI/CandidateExperience/en/sites/Honeywell/jobs
Emerson,https://www.emerson.com/en-us/careers
Schneider Electric,https://www.se.com/ww/en/about-us/careers/overview.jsp
CrowdStrike,https://www.crowdstrike.com/careers/
Fortinet,https://jobs.fortinet.com/
CyberArk,https://www.cyberark.com/careers/
Rapid7,https://www.rapid7.com/careers/jobs/
SentinelOne,https://www.sentinelone.com/careers/
Check Point Software,https://www.checkpoint.com/careers/
Tenable,https://www.tenable.com/careers
Proofpoint,https://www.proofpoint.com/us/company/careers
Trend Micro,https://www.trendmicro.com/en_ie/about/careers.html
Citrix,https://jobs.citrix.com/
Jacobs,https://www.jacobs.com/careers
AECOM,https://aecom.jobs/search-jobs/Ireland
WSP,https://www.wsp.com/en-gb/careers
Stantec,https://www.stantec.com/en/careers
AtkinsRéalis,https://careers.atkinsrealis.com/
Indeed (Ireland),https://www.indeed.jobs/
Etsy,https://careers.etsy.com/global/en
Catalent,https://catalent.wd1.myworkdayjobs.com/External
ResMed,https://resmed.wd1.myworkdayjobs.com/ResMed_External_Careers
Zimmer Biomet,https://zimmerbiomet.wd1.myworkdayjobs.com/Zimmer_Biomet_Careers
Databricks,https://www.databricks.com/company/careers/open-positions
Fenergo,https://www.fenergo.com/careers
Fiserv,https://www.careers.fiserv.com/search-jobs/Ireland
Greencore,https://www.greencore.com/careers/
Oliver Wyman,https://www.oliverwyman.com/careers.html
Protiviti,https://www.protiviti.com/us-en/careers
Visa,https://search.visa.com/careers?location=Ireland
Advanced Micro Devices (AMD),https://jobs.amd.com/go/Jobs-in-Ireland/8844800/
Applied Materials,https://www.appliedmaterials.com/us/en/careers.html
Bayer,https://career.bayer.com/en/search-jobs/Ireland
Bio-Rad Laboratories,https://www.bio-rad.com/en-ie/category/careers
Charles River Laboratories,https://jobs.criver.com/search-jobs/Ireland
Cisco,https://jobs.cisco.com/main/jobs?location=Ireland
Convatec,https://www.convatecgroup.com/careers/
DHL Ireland,https://www.dhl.com/ie-en/home/careers.html
Danaher Corporation,https://jobs.danaher.com/global/en/search-results?m=3&location=Ireland
Eli Lilly,https://be.gatekeeper.lilly.com/careers/search-jobs?location=Ireland
Horizon Therapeutics (Amgen),https://careers.amgen.com/search-jobs/Ireland
Integra LifeSciences,https://www.integralife.com/careers
Kuehne+Nagel Ireland,https://jobs.kuehne-nagel.com/global/en/search-results?m=3&location=Ireland
Lonza,https://www.lonza.com/careers
Merck Group,https://jobs.vibrantm.com/merck/go/Jobs-in-Ireland/8330701/
NetApp,https://www.netapp.com/company/careers/
Roche,https://www.roche.com/careers/jobs?country=Ireland
Tandem Diabetes Care,https://www.tandemdiabetes.com/about-us/careers
Terumo,https://www.terumo.com/careers
Thermo Fisher Scientific,https://jobs.thermofisher.com/global/en/search-results?m=3&location=Ireland
Zendesk,https://jobs.zendesk.com/us/en/search-results?keywords=Ireland
Cloudflare,https://www.cloudflare.com/careers/jobs/
Sophos,https://www.sophos.com/en-us/company/careers
Nutanix,https://www.nutanix.com/careers
Ping Identity,https://www.pingidentity.com/en/company/careers.html
Jamf,https://www.jamf.com/careers/
Arcadis,https://www.arcadis.com/en/careers
Mott MacDonald,https://www.mottmac.com/careers
Tetra Tech,https://www.tetratech.com/careers
Reddit,https://www.redditinc.com/careers
Monday.com,https://monday.com/careers
Canva,https://www.canva.com/careers/
